epoch,loss,val_loss
0,81.79096599936486,166.6150665283203
1,nan,166.6150665283203
0,8.185148020267487,5.419391632080078
